<ImportExportXml xmlns:xsi="http://www.w3.org/2001/XMLSchema-instance" OrganizationVersion="9.2.24123.214" OrganizationSchemaType="Standard" CRMServerServiceabilityVersion="9.2.24124.00162">
  <Entities></Entities>
  <Roles></Roles>
  <Workflows></Workflows>
  <FieldSecurityProfiles></FieldSecurityProfiles>
  <Templates />
  <EntityMaps />
  <EntityRelationships />
  <OrganizationSettings />
  <optionsets />
  <CustomControls />
  <EntityDataProviders />
  <CanvasApps>
    <CanvasApp>
      <Name>pw_chatboxcomponent_df6dc</Name>
      <AppVersion>2025-01-04T15:13:58Z</AppVersion>
      <Status>Ready</Status>
      <CreatedByClientVersion>3.24122.12.0</CreatedByClientVersion>
      <MinClientVersion>3.24122.12.0</MinClientVersion>
      <Tags>{"primaryDeviceWidth":"640","primaryDeviceHeight":"800","supportsPortrait":"true","supportsLandscape":"true","primaryFormFactor":"Phone","showStatusBar":"false","publisherVersion":"3.24122.12","minimumRequiredApiVersion":"2.2.0","hasComponent":"true","hasUnlockedComponent":"true","isUnifiedRootApp":"false","sienaVersion":"20250104T151101Z-3.24122.12.0"}</Tags>
      <IsCdsUpgraded>0</IsCdsUpgraded>
      <GalleryItemId xsi:nil="true"></GalleryItemId>
      <BackgroundColor>RGBA(251,101,60,1)</BackgroundColor>
      <DisplayName>Chatbox Component</DisplayName>
      <Description xsi:nil="true"></Description>
      <CommitMessage xsi:nil="true"></CommitMessage>
      <Publisher xsi:nil="true"></Publisher>
      <AuthorizationReferences>[]</AuthorizationReferences>
      <ConnectionReferences>{}</ConnectionReferences>
      <DatabaseReferences>{}</DatabaseReferences>
      <AppComponents>[{"appComponentName":"1257fdf89f854443861cbc3197f91e1e","displayName":"cmpPwChatbox","appName":"7c185317-90dd-4adc-a345-76d4d108b109","appVersion":"2025-01-04T15:13:58Z","appComponentLibraryLogicalName":"pw_chatboxcomponent_df6dc","appDisplayName":"Chatbox Component","environmentName":"default-32f372c4-8952-4b11-b059-785ec2688947","owner":{"id":"7c27363b-6277-488a-829b-eee71738222d","displayName":"Bhavit Naowapradit","type":"User","tenantId":"32f372c4-8952-4b11-b059-785ec2688947","userPrincipalName":"bhavit@torzanakubtorhotmail.onmicrosoft.com"},"allowCustomization":true,"createdOn":"2025-01-03T16:50:50.828Z","lastModifiedOn":"2025-01-04T15:11:05.835Z","connectionReferences":{},"databaseReferences":{}}]</AppComponents>
      <AppComponentDependencies>[]</AppComponentDependencies>
      <CanConsumeAppPass>0</CanConsumeAppPass>
      <CanvasAppType>1</CanvasAppType>
      <BypassConsent>0</BypassConsent>
      <AdminControlBypassConsent>0</AdminControlBypassConsent>
      <EmbeddedApp xsi:nil="true"></EmbeddedApp>
      <IntroducedVersion>1.0</IntroducedVersion>
      <CdsDependencies>{"cdsdependencies":[]}</CdsDependencies>
      <IsCustomizable>0</IsCustomizable>
      <BackgroundImageUri>/CanvasApps/pw_chatboxcomponent_df6dc_BackgroundImageUri</BackgroundImageUri>
      <DocumentUri>/CanvasApps/pw_chatboxcomponent_df6dc_DocumentUri.msapp</DocumentUri>
      <AdditionalUris>
        <AdditionalUri>/CanvasApps/pw_chatboxcomponent_df6dc_AdditionalUris0_identity.json</AdditionalUri>
      </AdditionalUris>
    </CanvasApp>
  </CanvasApps>
  <Languages>
    <Language>1033</Language>
  </Languages>
</ImportExportXml>